<?xml version="1.0" encoding="UTF-8"?>
<checkstyle version="5.0">
 <file name="C:\Users\gregf\Desktop\UFSCAR\2023-1\2- Processamento massivo de dados\Trabalho\Persistencia_Poliglota_de_Dados\spark-redis\src\main\scala\com\redislabs\provider\redis\rdd\RedisRDD.scala">
  <error line="234" source="org.scalastyle.file.FileLineLengthChecker" severity="warning" message="File line length exceeds 120 characters"/>
 </file>
 <file name="C:\Users\gregf\Desktop\UFSCAR\2023-1\2- Processamento massivo de dados\Trabalho\Persistencia_Poliglota_de_Dados\spark-redis\src\main\scala\com\redislabs\provider\redis\streaming\package.scala">
  <error column="15" line="3" source="org.scalastyle.scalariform.EmptyClassChecker" severity="warning" message="Redundant braces after class definition"/>
 </file>
 <file name="C:\Users\gregf\Desktop\UFSCAR\2023-1\2- Processamento massivo de dados\Trabalho\Persistencia_Poliglota_de_Dados\spark-redis\src\main\scala\com\redislabs\provider\redis\RedisConfig.scala">
  <error line="33" source="org.scalastyle.file.FileLineLengthChecker" severity="warning" message="File line length exceeds 120 characters"/>
  <error line="71" source="org.scalastyle.file.FileLineLengthChecker" severity="warning" message="File line length exceeds 120 characters"/>
  <error line="74" source="org.scalastyle.file.FileLineLengthChecker" severity="warning" message="File line length exceeds 120 characters"/>
  <error line="81" source="org.scalastyle.file.FileLineLengthChecker" severity="warning" message="File line length exceeds 120 characters"/>
  <error line="133" source="org.scalastyle.file.FileLineLengthChecker" severity="warning" message="File line length exceeds 120 characters"/>
 </file>
 <file name="C:\Users\gregf\Desktop\UFSCAR\2023-1\2- Processamento massivo de dados\Trabalho\Persistencia_Poliglota_de_Dados\spark-redis\src\main\scala\org\apache\spark\sql\redis\stream\RedisSource.scala">
  <error line="46" source="org.scalastyle.file.FileLineLengthChecker" severity="warning" message="File line length exceeds 120 characters"/>
 </file>
 <file name="C:\Users\gregf\Desktop\UFSCAR\2023-1\2- Processamento massivo de dados\Trabalho\Persistencia_Poliglota_de_Dados\spark-redis\src\main\scala\com\redislabs\provider\redis\redisFunctions.scala">
  <error column="2" line="350" source="org.scalastyle.scalariform.DeprecatedJavaChecker" severity="warning" message="@deprecated should be used instead of @java.lang.Deprecated"/>
 </file>
 <file name="C:\Users\gregf\Desktop\UFSCAR\2023-1\2- Processamento massivo de dados\Trabalho\Persistencia_Poliglota_de_Dados\spark-redis\src\main\scala\com\redislabs\provider\redis\util\ParseUtils.scala">
  <error line="3" source="org.scalastyle.file.FileLineLengthChecker" severity="warning" message="File line length exceeds 120 characters"/>
 </file>
 <file name="C:\Users\gregf\Desktop\UFSCAR\2023-1\2- Processamento massivo de dados\Trabalho\Persistencia_Poliglota_de_Dados\spark-redis\src\main\scala\org\apache\spark\sql\redis\RedisSourceRelation.scala">
  <error line="10" source="org.scalastyle.file.FileLineLengthChecker" severity="warning" message="File line length exceeds 120 characters"/>
 </file>
</checkstyle>
